<!-- [ Mirror metadata ] generatedAt: 1464328326406 -->
<!-- Generated screen file. Fill the id tags below with content with
which to populate your previewed layout. For a complete specification
of sample data, please see http://jimulabs.com/sample-data-specifications/ 

Valid attributes on <screen> tag: theme="@style/someTheme" inEditMode="false" overlay="@drawable/mockup" -->
<screen>
    <_content layout="@layout/birth_info">
        <!-- TextView Examples:
        <tv_name text="@string/string_resource" />
        <tv_name text="Text literal" textSize="14sp" /> -->
        <tv_name />
        <tv_birthday />
        <tv_left />
        <tv_right />
        <tv_remarks />
        <!-- ImageView Examples:
        <iv_send_message src="@drawable/image_resource" />
        <iv_send_message src="relative_path/image.jpg" /> -->
        <iv_send_message />
        <iv_phone />
    </_content>
</screen>
